rel_day,date,effect_pct,lo_pct,hi_pct,raw_pct,synth_pct
-7,2017-08-18,1.3780435834162885,-0.1643953388824726,2.944312859996967,7.684756388718417,
-6,2017-08-19,3.737865210396585,2.1730887860524684,5.3266061178279145,10.66704819661246,
-5,2017-08-20,3.918372228848921,2.3128202614100646,5.549119446634299,8.374559451143648,
-4,2017-08-21,-0.6061633208903183,-2.123730343990393,0.9349335085427235,2.6011460733815106,
-3,2017-08-22,0.11453101460414672,-1.4314924461266032,1.6848034834658465,2.0519966732879924,
-2,2017-08-23,0.9880988753754094,-0.534229813839282,2.533726882874854,0.8975122861361484,
-1,2017-08-24,-0.1111546170003086,-1.6612633706640567,1.4633884260446761,-0.633003370195484,
0,2017-08-25,-6.655692568279825,-8.296212493516109,-4.98582482984764,-16.49339036719478,-8.180056551908422
1,2017-08-26,-9.805592086521619,-11.318245462565146,-8.267137233635523,-19.00814351539094,-5.732728295070033
2,2017-08-27,-14.608262202179734,-16.093456590414988,-13.096779013557624,-26.25018958447729,-12.252006520406223
3,2017-08-28,-19.34955124055464,-20.772892910141337,-17.90063875836608,-34.67398452623202,-15.92563050272201
4,2017-08-29,-21.38669839934283,-22.760267256078194,-19.988703106404635,-37.59928885741273,-23.352147360598764
5,2017-08-30,-18.233494225135427,-19.648154806744444,-16.79392737589378,-28.714797531303017,-12.218509099003839
6,2017-08-31,-12.098352081620266,-13.56887219789089,-10.602812860921118,-18.75470650325022,-7.122458444379354
7,2017-09-01,-10.082835981298066,-11.72528628791939,-8.409826039915213,-7.777877868343608,-4.927672874235622
8,2017-09-02,-9.408434557389178,-11.049117480227999,-7.737489535096809,-4.613287883132644,-7.345688755627844
9,2017-09-03,-8.43450042242634,-10.124502390861046,-6.712719974547388,-4.327735840543445,-9.522355333892484
10,2017-09-04,-8.453872864787348,-10.554510952167572,-6.3039010388237005,-5.306238878705782,-8.963579884645878
11,2017-09-05,-8.7262301998138,-10.437678183102895,-6.982078126902147,-4.945627533585895,-8.621980687444164
12,2017-09-06,-8.379863832237099,-10.111569723979619,-6.614796524722976,-12.31942340700588,-4.701316762279584
13,2017-09-07,-5.138057130343343,-6.949761709847014,-3.291078342587128,-18.23333528186849,-7.496717452363555
14,2017-09-08,-0.8107212312802092,-2.6351182703432396,1.047860870168904,-14.138672734059554,-3.991384900200645
15,2017-09-09,-0.676755581690025,-2.503312254092649,1.1840208099116012,-12.09784719971494,-4.845397796662654
16,2017-09-10,-2.8415114907769934,-4.647383672900352,-1.0014381040744147,-11.41058685393983,-7.31952631683912
17,2017-09-11,-7.243845796632087,-8.995104931211273,-5.458886183038791,-17.4112013518654,-11.414922086182322
18,2017-09-12,-6.61688053669166,-8.360495739919916,-4.840089750493204,-17.067809299779146,-10.309465338775304
19,2017-09-13,-5.396152631889562,-7.148897977900736,-3.61032080460828,-11.557276186680898,-7.3270560104904074
20,2017-09-14,-4.016726917843394,-5.795377582583761,-2.204494056115247,-5.688701726811008,-7.1399398862707075
